,d,fx_type,fg_mean,fg_var,time_mean
0,2,sphere,4.508e-06,8.454e-12,22.26
1,2,rastrigin,4.787e-06,8.811e-12,38.175
2,5,sphere,5.589e-06,8.446e-12,45.086666666666666
3,5,rastrigin,4.730e-02,4.974e-02,149.34
4,20,sphere,3.816e-02,4.013e-02,203.306
5,20,rastrigin,4.917e+00,2.044e+02,336.0883333333333
